{
  "__type__": "cc.SpriteFrame",
  "content": {
    "name": "BC",
    "atlas": "",
    "rect": {
      "x": 2,
      "y": 2,
      "width": 137,
      "height": 137
    },
    "offset": {
      "x": 0,
      "y": -0.5
    },
    "originalSize": {
      "width": 141,
      "height": 140
    },
    "rotated": false,
    "capInsets": [
      0,
      0,
      0,
      0
    ],
    "vertices": {
      "rawPosition": [
        -68.5,
        -68.5,
        0,
        68.5,
        -68.5,
        0,
        -68.5,
        68.5,
        0,
        68.5,
        68.5,
        0
      ],
      "indexes": [
        0,
        1,
        2,
        2,
        1,
        3
      ],
      "uv": [
        2,
        138,
        139,
        138,
        2,
        1,
        139,
        1
      ],
      "nuv": [
        0.014184397163120567,
        0.007142857142857143,
        0.9858156028368794,
        0.007142857142857143,
        0.014184397163120567,
        0.9857142857142858,
        0.9858156028368794,
        0.9857142857142858
      ],
      "minPos": {
        "x": -68.5,
        "y": -68.5,
        "z": 0
      },
      "maxPos": {
        "x": 68.5,
        "y": 68.5,
        "z": 0
      }
    },
    "texture": "5831813b-f618-4865-b5f8-2b676192f1b3@6c48a",
    "packable": true,
    "pixelsToUnit": 100,
    "pivot": {
      "x": 0.5,
      "y": 0.5
    },
    "meshType": 0
  }
}