{
  "__type__": "cc.SpriteFrame",
  "content": {
    "name": "RSELECT",
    "atlas": "",
    "rect": {
      "x": 6,
      "y": 7,
      "width": 130,
      "height": 123
    },
    "offset": {
      "x": 0.5,
      "y": 1.5
    },
    "originalSize": {
      "width": 141,
      "height": 140
    },
    "rotated": false,
    "capInsets": [
      0,
      0,
      0,
      0
    ],
    "vertices": {
      "rawPosition": [
        -65,
        -61.5,
        0,
        65,
        -61.5,
        0,
        -65,
        61.5,
        0,
        65,
        61.5,
        0
      ],
      "indexes": [
        0,
        1,
        2,
        2,
        1,
        3
      ],
      "uv": [
        6,
        133,
        136,
        133,
        6,
        10,
        136,
        10
      ],
      "nuv": [
        0.0425531914893617,
        0.07142857142857142,
        0.9645390070921985,
        0.07142857142857142,
        0.0425531914893617,
        0.95,
        0.9645390070921985,
        0.95
      ],
      "minPos": {
        "x": -65,
        "y": -61.5,
        "z": 0
      },
      "maxPos": {
        "x": 65,
        "y": 61.5,
        "z": 0
      }
    },
    "texture": "01dd5ee9-6c1b-4bee-a98c-7fabfde8bd22@6c48a",
    "packable": true,
    "pixelsToUnit": 100,
    "pivot": {
      "x": 0.5,
      "y": 0.5
    },
    "meshType": 0
  }
}