{
  "__type__": "cc.SpriteFrame",
  "content": {
    "name": "BSELECT",
    "atlas": "",
    "rect": {
      "x": 4,
      "y": 9,
      "width": 130,
      "height": 122
    },
    "offset": {
      "x": -1.5,
      "y": 0
    },
    "originalSize": {
      "width": 141,
      "height": 140
    },
    "rotated": false,
    "capInsets": [
      0,
      0,
      0,
      0
    ],
    "vertices": {
      "rawPosition": [
        -65,
        -61,
        0,
        65,
        -61,
        0,
        -65,
        61,
        0,
        65,
        61,
        0
      ],
      "indexes": [
        0,
        1,
        2,
        2,
        1,
        3
      ],
      "uv": [
        4,
        131,
        134,
        131,
        4,
        9,
        134,
        9
      ],
      "nuv": [
        0.028368794326241134,
        0.06428571428571428,
        0.950354609929078,
        0.06428571428571428,
        0.028368794326241134,
        0.9357142857142857,
        0.950354609929078,
        0.9357142857142857
      ],
      "minPos": {
        "x": -65,
        "y": -61,
        "z": 0
      },
      "maxPos": {
        "x": 65,
        "y": 61,
        "z": 0
      }
    },
    "texture": "fdc798d8-fbe3-418e-8178-2b2ef4a18e78@6c48a",
    "packable": true,
    "pixelsToUnit": 100,
    "pivot": {
      "x": 0.5,
      "y": 0.5
    },
    "meshType": 0
  }
}