{
  "__type__": "cc.SpriteFrame",
  "content": {
    "name": "RA",
    "atlas": "",
    "rect": {
      "x": 0,
      "y": 1,
      "width": 80,
      "height": 86
    },
    "offset": {
      "x": 0,
      "y": 1
    },
    "originalSize": {
      "width": 80,
      "height": 90
    },
    "rotated": false,
    "capInsets": [
      0,
      0,
      0,
      0
    ],
    "vertices": {
      "rawPosition": [
        -40,
        -43,
        0,
        40,
        -43,
        0,
        -40,
        43,
        0,
        40,
        43,
        0
      ],
      "indexes": [
        0,
        1,
        2,
        2,
        1,
        3
      ],
      "uv": [
        0,
        89,
        80,
        89,
        0,
        3,
        80,
        3
      ],
      "nuv": [
        0,
        0.03333333333333333,
        1,
        0.03333333333333333,
        0,
        0.9888888888888889,
        1,
        0.9888888888888889
      ],
      "minPos": {
        "x": -40,
        "y": -43,
        "z": 0
      },
      "maxPos": {
        "x": 40,
        "y": 43,
        "z": 0
      }
    },
    "texture": "24ceefa4-3cac-43a2-832a-2bdd75ceb98e@6c48a",
    "packable": true,
    "pixelsToUnit": 100,
    "pivot": {
      "x": 0.5,
      "y": 0.5
    },
    "meshType": 0
  }
}