{
  "__type__": "cc.SpriteFrame",
  "content": {
    "name": "RSELECT",
    "atlas": "",
    "rect": {
      "x": 1,
      "y": 1,
      "width": 56,
      "height": 56
    },
    "offset": {
      "x": -5.5,
      "y": 5.5
    },
    "originalSize": {
      "width": 69,
      "height": 69
    },
    "rotated": false,
    "capInsets": [
      0,
      0,
      0,
      0
    ],
    "vertices": {
      "rawPosition": [
        -28,
        -28,
        0,
        28,
        -28,
        0,
        -28,
        28,
        0,
        28,
        28,
        0
      ],
      "indexes": [
        0,
        1,
        2,
        2,
        1,
        3
      ],
      "uv": [
        1,
        68,
        57,
        68,
        1,
        12,
        57,
        12
      ],
      "nuv": [
        0.014492753623188406,
        0.17391304347826086,
        0.8260869565217391,
        0.17391304347826086,
        0.014492753623188406,
        0.9855072463768116,
        0.8260869565217391,
        0.9855072463768116
      ],
      "minPos": {
        "x": -28,
        "y": -28,
        "z": 0
      },
      "maxPos": {
        "x": 28,
        "y": 28,
        "z": 0
      }
    },
    "texture": "8f1b0061-358a-49a9-9628-b7a081f708e0@6c48a",
    "packable": true,
    "pixelsToUnit": 100,
    "pivot": {
      "x": 0.5,
      "y": 0.5
    },
    "meshType": 0
  }
}