{
  "__type__": "cc.SpriteFrame",
  "content": {
    "name": "BSELECT",
    "atlas": "",
    "rect": {
      "x": 1,
      "y": 4,
      "width": 76,
      "height": 72
    },
    "offset": {
      "x": -1,
      "y": 3.5
    },
    "originalSize": {
      "width": 80,
      "height": 87
    },
    "rotated": false,
    "capInsets": [
      0,
      0,
      0,
      0
    ],
    "vertices": {
      "rawPosition": [
        -38,
        -36,
        0,
        38,
        -36,
        0,
        -38,
        36,
        0,
        38,
        36,
        0
      ],
      "indexes": [
        0,
        1,
        2,
        2,
        1,
        3
      ],
      "uv": [
        1,
        83,
        77,
        83,
        1,
        11,
        77,
        11
      ],
      "nuv": [
        0.0125,
        0.12643678160919541,
        0.9625,
        0.12643678160919541,
        0.0125,
        0.9540229885057471,
        0.9625,
        0.9540229885057471
      ],
      "minPos": {
        "x": -38,
        "y": -36,
        "z": 0
      },
      "maxPos": {
        "x": 38,
        "y": 36,
        "z": 0
      }
    },
    "texture": "ff59c618-56d3-4e80-ab4f-9f10ac5f8086@6c48a",
    "packable": true,
    "pixelsToUnit": 100,
    "pivot": {
      "x": 0.5,
      "y": 0.5
    },
    "meshType": 0
  }
}