{
  "__type__": "cc.SpriteFrame",
  "content": {
    "name": "RC",
    "atlas": "",
    "rect": {
      "x": 0,
      "y": 0,
      "width": 68,
      "height": 68
    },
    "offset": {
      "x": -0.5,
      "y": 0.5
    },
    "originalSize": {
      "width": 69,
      "height": 69
    },
    "rotated": false,
    "capInsets": [
      0,
      0,
      0,
      0
    ],
    "vertices": {
      "rawPosition": [
        -34,
        -34,
        0,
        34,
        -34,
        0,
        -34,
        34,
        0,
        34,
        34,
        0
      ],
      "indexes": [
        0,
        1,
        2,
        2,
        1,
        3
      ],
      "uv": [
        0,
        69,
        68,
        69,
        0,
        1,
        68,
        1
      ],
      "nuv": [
        0,
        0.014492753623188406,
        0.9855072463768116,
        0.014492753623188406,
        0,
        1,
        0.9855072463768116,
        1
      ],
      "minPos": {
        "x": -34,
        "y": -34,
        "z": 0
      },
      "maxPos": {
        "x": 34,
        "y": 34,
        "z": 0
      }
    },
    "texture": "ffb33204-1c6a-4597-9667-12e150254c2a@6c48a",
    "packable": true,
    "pixelsToUnit": 100,
    "pivot": {
      "x": 0.5,
      "y": 0.5
    },
    "meshType": 0
  }
}