{
  "__type__": "cc.SpriteFrame",
  "content": {
    "name": "RSELECT",
    "atlas": "",
    "rect": {
      "x": 1,
      "y": 1,
      "width": 50,
      "height": 49
    },
    "offset": {
      "x": -1,
      "y": 1.5
    },
    "originalSize": {
      "width": 54,
      "height": 54
    },
    "rotated": false,
    "capInsets": [
      0,
      0,
      0,
      0
    ],
    "vertices": {
      "rawPosition": [
        -25,
        -24.5,
        0,
        25,
        -24.5,
        0,
        -25,
        24.5,
        0,
        25,
        24.5,
        0
      ],
      "indexes": [
        0,
        1,
        2,
        2,
        1,
        3
      ],
      "uv": [
        1,
        53,
        51,
        53,
        1,
        4,
        51,
        4
      ],
      "nuv": [
        0.018518518518518517,
        0.07407407407407407,
        0.9444444444444444,
        0.07407407407407407,
        0.018518518518518517,
        0.9814814814814815,
        0.9444444444444444,
        0.9814814814814815
      ],
      "minPos": {
        "x": -25,
        "y": -24.5,
        "z": 0
      },
      "maxPos": {
        "x": 25,
        "y": 24.5,
        "z": 0
      }
    },
    "texture": "c2c0de5f-fa86-4b7b-abeb-8e2c9d075383@6c48a",
    "packable": true,
    "pixelsToUnit": 100,
    "pivot": {
      "x": 0.5,
      "y": 0.5
    },
    "meshType": 0
  }
}