{
  "__type__": "cc.SpriteFrame",
  "content": {
    "name": "null",
    "atlas": "",
    "rect": {
      "x": 140,
      "y": 139,
      "width": 1,
      "height": 1
    },
    "offset": {
      "x": 70,
      "y": -69.5
    },
    "originalSize": {
      "width": 141,
      "height": 140
    },
    "rotated": false,
    "capInsets": [
      0,
      0,
      0,
      0
    ],
    "vertices": {
      "rawPosition": [
        -0.5,
        -0.5,
        0,
        0.5,
        -0.5,
        0,
        -0.5,
        0.5,
        0,
        0.5,
        0.5,
        0
      ],
      "indexes": [
        0,
        1,
        2,
        2,
        1,
        3
      ],
      "uv": [
        140,
        1,
        141,
        1,
        140,
        0,
        141,
        0
      ],
      "nuv": [
        0.9929078014184397,
        0,
        1,
        0,
        0.9929078014184397,
        0.007142857142857143,
        1,
        0.007142857142857143
      ],
      "minPos": {
        "x": -0.5,
        "y": -0.5,
        "z": 0
      },
      "maxPos": {
        "x": 0.5,
        "y": 0.5,
        "z": 0
      }
    },
    "texture": "bd38b373-e9e2-451d-96d0-563fc25cf445@6c48a",
    "packable": true,
    "pixelsToUnit": 100,
    "pivot": {
      "x": 0.5,
      "y": 0.5
    },
    "meshType": 0
  }
}