{
  "__type__": "cc.SpriteFrame",
  "content": {
    "name": "null",
    "atlas": "",
    "rect": {
      "x": 53,
      "y": 53,
      "width": 1,
      "height": 1
    },
    "offset": {
      "x": 26.5,
      "y": -26.5
    },
    "originalSize": {
      "width": 54,
      "height": 54
    },
    "rotated": false,
    "capInsets": [
      0,
      0,
      0,
      0
    ],
    "vertices": {
      "rawPosition": [
        -0.5,
        -0.5,
        0,
        0.5,
        -0.5,
        0,
        -0.5,
        0.5,
        0,
        0.5,
        0.5,
        0
      ],
      "indexes": [
        0,
        1,
        2,
        2,
        1,
        3
      ],
      "uv": [
        53,
        1,
        54,
        1,
        53,
        0,
        54,
        0
      ],
      "nuv": [
        0.9814814814814815,
        0,
        1,
        0,
        0.9814814814814815,
        0.018518518518518517,
        1,
        0.018518518518518517
      ],
      "minPos": {
        "x": -0.5,
        "y": -0.5,
        "z": 0
      },
      "maxPos": {
        "x": 0.5,
        "y": 0.5,
        "z": 0
      }
    },
    "texture": "89f9531b-676c-4060-bf3f-3a812f239e2e@6c48a",
    "packable": true,
    "pixelsToUnit": 100,
    "pivot": {
      "x": 0.5,
      "y": 0.5
    },
    "meshType": 0
  }
}