{
  "__type__": "cc.SpriteFrame",
  "content": {
    "name": "null",
    "atlas": "",
    "rect": {
      "x": 68,
      "y": 68,
      "width": 1,
      "height": 1
    },
    "offset": {
      "x": 34,
      "y": -34
    },
    "originalSize": {
      "width": 69,
      "height": 69
    },
    "rotated": false,
    "capInsets": [
      0,
      0,
      0,
      0
    ],
    "vertices": {
      "rawPosition": [
        -0.5,
        -0.5,
        0,
        0.5,
        -0.5,
        0,
        -0.5,
        0.5,
        0,
        0.5,
        0.5,
        0
      ],
      "indexes": [
        0,
        1,
        2,
        2,
        1,
        3
      ],
      "uv": [
        68,
        1,
        69,
        1,
        68,
        0,
        69,
        0
      ],
      "nuv": [
        0.9855072463768116,
        0,
        1,
        0,
        0.9855072463768116,
        0.014492753623188406,
        1,
        0.014492753623188406
      ],
      "minPos": {
        "x": -0.5,
        "y": -0.5,
        "z": 0
      },
      "maxPos": {
        "x": 0.5,
        "y": 0.5,
        "z": 0
      }
    },
    "texture": "672e780b-d50f-4626-ba02-f863a3b3c0ff@6c48a",
    "packable": true,
    "pixelsToUnit": 100,
    "pivot": {
      "x": 0.5,
      "y": 0.5
    },
    "meshType": 0
  }
}